Quality of Life Index;Metro Area Population;City, Country;Tokyo;Metro Area Population Median
116,64;3238523;Kuwait City, Kuwait;Not Tokyo;Above Median 2.4M+
176,92;2511612;Portland, United States;Not Tokyo;Above Median 2.4M+
157,33;6713557;Madrid, Spain;Not Tokyo;Above Median 2.4M+
58,96;21333332;Beijing, China;Not Tokyo;Above Median 2.4M+
85,94;22085140;Mexico City, Mexico;Not Tokyo;Above Median 2.4M+
155,02;6312974;Toronto, Canada;Not Tokyo;Above Median 2.4M+
109,11;12831330;Shenzhen, China;Not Tokyo;Above Median 2.4M+
118,57;3149223;Milan, Italy;Not Tokyo;Above Median 2.4M+
140,07;3770919;Curitiba, Brazil;Not Tokyo;Above Median 2.4M+
138,28;6987077;Pune, India;Not Tokyo;Above Median 2.4M+
178,96;2964382;Dubai, United Arab Emirates;Not Tokyo;Above Median 2.4M+
74,13;11074811;Jakarta, Indonesia;Not Tokyo;Above Median 2.4M+
97,91;5535556;Saint Petersburg, Russia;Not Tokyo;Above Median 2.4M+
144,81;9509934;Chicago, United States;Not Tokyo;Above Median 2.4M+
99,37;15133888;Kolkata, India;Not Tokyo;Above Median 2.4M+
132,58;6065354;Johannesburg, South Africa;Not Tokyo;Above Median 2.4M+
93,75;5067352;Hanoi, Vietnam;Not Tokyo;Above Median 2.4M+
142,77;2934621;Coimbatore, India;Not Tokyo;Above Median 2.4M+
112,53;10534418;Hyderabad, India;Not Tokyo;Above Median 2.4M+
160,36;2838327;Baltimore, United States;Not Tokyo;Above Median 2.4M+
46,08;14406059;Manila, Philippines;Not Tokyo;Above Median 2.4M+
115,69;3153781;Athens, Greece;Not Tokyo;Above Median 2.4M+
162,88;6356434;Washington, United States;Not Tokyo;Above Median 2.4M+
66,41;9077158;Ho Chi Minh City, Vietnam;Not Tokyo;Above Median 2.4M+
88,27;11344312;Bogota, Colombia;Not Tokyo;Above Median 2.4M+
125,76;5036535;Monterrey, Mexico;Not Tokyo;Above Median 2.4M+
137,32;19768458;New York, United States;Not Tokyo;Above Median 2.4M+
96,13;15636243;Istanbul, Turkey;Not Tokyo;Above Median 2.4M+
125,66;9975709;Seoul, South Korea;Not Tokyo;Above Median 2.4M+
194,3;4011553;Seattle, United States;Not Tokyo;Above Median 2.4M+
141,67;13193035;Bangalore, India;Not Tokyo;Above Median 2.4M+
117,7;8419566;Kuala Lumpur, Malaysia;Not Tokyo;Above Median 2.4M+
78,54;22429800;Sao Paulo, Brazil;Not Tokyo;Above Median 2.4M+
118,97;2442512;San Juan, Puerto Rico;Not Tokyo;Above Median 2.4M+
194,31;2701046;Charlotte, United States;Not Tokyo;Above Median 2.4M+
150,09;2986162;Lisbon, Portugal;Not Tokyo;Above Median 2.4M+
48,22;15387639;Lagos, Nigeria;Not Tokyo;Above Median 2.4M+
95,46;3036405;Guatemala City, Guatemala;Not Tokyo;Above Median 2.4M+
178,42;3219514;Tampa, United States;Not Tokyo;Above Median 2.4M+
135,44;4803877;Brasilia, Brazil;Not Tokyo;Above Median 2.4M+
183,06;5150766;Melbourne, Australia;Not Tokyo;Above Median 2.4M+
153,76;4276526;Montreal, Canada;Not Tokyo;Above Median 2.4M+
70,28;13634274;Rio de Janeiro, Brazil;Not Tokyo;Above Median 2.4M+
109,98;4297877;Rome, Italy;Not Tokyo;Above Median 2.4M+
154,13;6228601;Philadelphia, United States;Not Tokyo;Above Median 2.4M+
170,9;7206841;Houston, United States;Not Tokyo;Above Median 2.4M+
184,52;5056571;Sydney, Australia;Not Tokyo;Above Median 2.4M+
79,91;16839950;Karachi, Pakistan;Not Tokyo;Above Median 2.4M+
123,02;11142303;Paris, France;Not Tokyo;Above Median 2.4M+
76,62;28516904;Shanghai, China;Not Tokyo;Above Median 2.4M+
152,51;6091747;Miami, United States;Not Tokyo;Above Median 2.4M+
126,93;5309690;Ankara, Turkey;Not Tokyo;Above Median 2.4M+
163,99;6144050;Atlanta, United States;Not Tokyo;Above Median 2.4M+
113,04;8450228;Ahmedabad, India;Not Tokyo;Above Median 2.4M+
131,52;3056149;Izmir, Turkey;Not Tokyo;Above Median 2.4M+
77,67;11044607;Lima, Peru;Not Tokyo;Above Median 2.4M+
196,06;2472222;Brisbane, Australia;Not Tokyo;Above Median 2.4M+
149,32;2645598;Birmingham, United Kingdom;Not Tokyo;Above Median 2.4M+
103,1;6856939;Santiago, Chile;Not Tokyo;Above Median 2.4M+
167,36;2972566;Denver, United States;Not Tokyo;Above Median 2.4M+
107,2;6194292;Belo Horizonte, Brazil;Not Tokyo;Above Median 2.4M+
143,73;5658472;Barcelona, Spain;Not Tokyo;Above Median 2.4M+
137,81;2742379;Taipei, Taiwan;Not Tokyo;Above Median 2.4M+
83,22;4220458;Recife, Brazil;Not Tokyo;Above Median 2.4M+
81,75;5118844;Nairobi, Kenya;Not Tokyo;Above Median 2.4M+
114,51;11503293;Chennai, India;Not Tokyo;Above Median 2.4M+
133,05;4365205;Detroit, United States;Not Tokyo;Above Median 2.4M+
103,85;7643256;Hong Kong, Hong Kong;Not Tokyo;Above Median 2.4M+
128,14;5339583;Guadalajara, Mexico;Not Tokyo;Above Median 2.4M+
77,27;32065760;Delhi, India;Not Tokyo;Above Median 2.4M+
171,75;2691925;Orlando, United States;Not Tokyo;Above Median 2.4M+
125,75;3384564;Campinas, Brazil;Not Tokyo;Above Median 2.4M+
99,23;15369919;Buenos Aires, Argentina;Not Tokyo;Above Median 2.4M+
174,52;4899932;Boston, United States;Not Tokyo;Above Median 2.4M+
139,09;3199329;Durban, South Africa;Not Tokyo;Above Median 2.4M+
56,18;22478116;Dhaka, Bangladesh;Not Tokyo;Above Median 2.4M+
126,14;9540576;London, United Kingdom;Not Tokyo;Above Median 2.4M+
139,75;12997353;Los Angeles, United States;Not Tokyo;Above Median 2.4M+
89,39;20961472;Mumbai, India;Not Tokyo;Above Median 2.4M+
81,6;21750020;Cairo, Egypt;Not Tokyo;Above Median 2.4M+
175,71;7759615;Dallas, United States;Not Tokyo;Above Median 2.4M+
175,71;7759615;Dallas, United States;Not Tokyo;Above Median 2.4M+
188,18;3286069;San Diego, United States;Not Tokyo;Above Median 2.4M+
133,25;2739768;Pretoria, South Africa;Not Tokyo;Above Median 2.4M+
150,72;7538200;Riyadh, Saudi Arabia;Not Tokyo;Above Median 2.4M+
163,74;3570750;Berlin, Germany;Not Tokyo;Above Median 2.4M+
151,95;4946145;Phoenix, United States;Not Tokyo;Above Median 2.4M+
151,95;4946145;Phoenix, United States;Not Tokyo;Above Median 2.4M+
79,74;10899698;Bangkok, Thailand;Not Tokyo;Above Median 2.4M+
69,32;2956813;Caracas, Venezuela;Not Tokyo;Above Median 2.4M+
108,32;12640818;Moscow, Russia;Not Tokyo;Above Median 2.4M+
56,28;9381546;Tehran, Iran;Not Tokyo;Above Median 2.4M+
107,74;4185488;Porto Alegre, Brazil;Not Tokyo;Above Median 2.4M+
188,14;2601788;San Antonio, United States;Not Tokyo;Above Median 2.4M+
106,01;13541764;Lahore, Pakistan;Not Tokyo;Above Median 2.4M+
154,54;6039577;Singapore, Singapore;Not Tokyo;Above Median 2.4M+
160,27;37274000;Tokyo, Japan;Tokyo;Above Median 2.4M+
169,27;3690512;Minneapolis, United States;Not Tokyo;Above Median 2.4M+
145,05;4800954;Cape Town, South Africa;Not Tokyo;Above Median 2.4M+
172,66;2631690;Vancouver, Canada;Not Tokyo;Above Median 2.4M+
147,47;2770434;Manchester, United Kingdom;Not Tokyo;Above Median 2.4M+
121,78;4067758;Medellin, Colombia;Not Tokyo;Above Median 2.4M+
157,57;4623264;San Francisco, United States;Not Tokyo;Above Median 2.4M+
